<Ui xmlns="http://www.blizzard.com/wow/ui/" xmlns:xsi="http://www.w3.org/2001/XMLSchema-instance" xsi:schemaLocation="http://www.blizzard.com/wow/ui/
..\FrameXML\UI.xsd">
	<Script file="AededUIPartyMemberFrame.lua"/>
	<Script file="TextStatusBar.lua"/>
	<Include file="AededUIPartyFrameTemplates.xml"/>
	<Button name="AededUIPartyMemberFrame1" inherits="AededUIPartyMemberFrameTemplate" parent="UIParent" toplevel="true" id="1">
		<Anchors>
			<Anchor point="TOPLEFT" relativeTo="AededUIPlayerFrame" relativePoint="BOTTOMLEFT">
				<Offset>
					<AbsDimension x="-30" y="-30"/>
				</Offset>
			</Anchor>
		</Anchors>
		<Frames>
			<Button name="$parentPetFrame" inherits="AededUIPartyMemberPetFrameTemplate">
				<Anchors>
						<Anchor point="LEFT" relativeTo="$parent" relativePoint="BOTTOM" x="75" y="10"/>
				</Anchors>
			</Button>
			<StatusBar name="$parentSpellBar" inherits="AededUIPartySpellBarTemplate" hidden="true">
				<Anchors>
					<Anchor point="CENTER" relativeTo="$parent" relativePoint="BOTTOM" x="2.5" y="-30"/>
				</Anchors>
			</StatusBar>
		</Frames>
	</Button>
	<Button name="AededUIPartyMemberFrame2" inherits="AededUIPartyMemberFrameTemplate" parent="UIParent" toplevel="true" id="2">
		<Anchors>
			<Anchor point="CENTER" relativeTo="AededUIPartyMemberFrame1" relativePoint="CENTER">
				<Offset>
					<AbsDimension x="0" y="-110"/>
				</Offset>
			</Anchor>
		</Anchors>
		<Frames>
			<Button name="$parentPetFrame" inherits="AededUIPartyMemberPetFrameTemplate">
				<Anchors>
						<Anchor point="LEFT" relativeTo="$parent" relativePoint="BOTTOM" x="75" y="10"/>
				</Anchors>
			</Button>
			<StatusBar name="$parentSpellBar" inherits="AededUIPartySpellBarTemplate" hidden="true">
				<Anchors>
					<Anchor point="CENTER" relativeTo="$parent" relativePoint="BOTTOM" x="2.5" y="-30"/>
				</Anchors>
			</StatusBar>
		</Frames>
	</Button>
	<Button name="AededUIPartyMemberFrame3" inherits="AededUIPartyMemberFrameTemplate" parent="UIParent" toplevel="true" id="3">
		<Anchors>
			<Anchor point="CENTER" relativeTo="AededUIPartyMemberFrame2" relativePoint="CENTER">
				<Offset>
					<AbsDimension x="-50" y="-100"/>
				</Offset>
			</Anchor>
		</Anchors>
		<Frames>
			<StatusBar name="$parentSpellBar" inherits="AededUIPartySpellBarTemplate" hidden="true" >
				<Anchors>
					<Anchor point="CENTER" relativeTo="$parent" relativePoint="BOTTOM" x="2.5" y="-30"/>
				</Anchors>
			</StatusBar>
			<!--<Button name="$parentPetFrame" inherits="AededUIPartyMemberPetFrameTemplate">
				<Anchors>
						<Anchor point="LEFT" relativeTo="$parent" relativePoint="BOTTOM" x="65" y="5"/>
				</Anchors>
			</Button>-->
		</Frames>
	</Button>
	<Button name="AededUIPartyMemberFrame4" inherits="AededUIPartyMemberFrameTemplate" parent="UIParent" toplevel="true" id="4">
		<Anchors>
			<Anchor point="CENTER" relativeTo="AededUIPartyMemberFrame3" relativePoint="CENTER">
				<Offset>
					<AbsDimension x="0" y="-65"/>
				</Offset>
			</Anchor>
		</Anchors>
		<Frames>
			<StatusBar name="$parentSpellBar" inherits="AededUIPartySpellBarTemplate" hidden="true">
				<Anchors>
					<Anchor point="CENTER" relativeTo="$parent" relativePoint="BOTTOM" x="2.5" y="-30"/>
				</Anchors>
			</StatusBar>
			<!--
			<Button name="$parentPetFrame" inherits="AededUIPartyMemberPetFrameTemplate">
				<Anchors>
						<Anchor point="LEFT" relativeTo="$parent" relativePoint="BOTTOM" x="65" y="5"/>
				</Anchors>
			</Button>-->
		</Frames> 
	</Button>
</Ui>
