<Ui xmlns="http://www.blizzard.com/wow/ui/" xmlns:xsi="http://www.w3.org/2001/XMLSchema-instance" xsi:schemaLocation="http://www.blizzard.com/wow/ui/
..\FrameXML\UI.xsd">
	<Script file="AededUITargetFrame.lua"/>
	<Button name="AededUITargetFrameTemplate" frameStrata="LOW" toplevel="true" parent="UIParent" inherits="SecureUnitButtonTemplate" virtual="true">
		<Size x="232" y="100"/>
		<HitRectInsets>
			<AbsInset left="0" right="40" top="10" bottom="20"/>
		</HitRectInsets>
		<Layers>
			<Layer level="BACKGROUND">
				<Texture name="$parentBackground" parentKey="Background">
					<Size x="119" y="41"/>
					<Anchors>
						<Anchor point="BOTTOMLEFT" x="7" y="35"/>
					</Anchors>
					<Color r="0" g="0" b="0" a="0.5"/>
				</Texture>
			</Layer>
			<Layer level="BORDER">
				<Texture name="$parentNameBackground" file="Interface\TargetingFrame\UI-TargetingFrame-LevelBackground" parentKey="nameBackground">
					<Size x="119" y="19"/>
					<Anchors>
						<Anchor point="TOPRIGHT" x="-106" y="-22"/>
					</Anchors>
				</Texture>
				<Texture name="$parentPortrait">
					<Size x="64" y="64"/>
					<Anchors>
						<Anchor point="TOPRIGHT" x="-42" y="-12"/>
					</Anchors>
				</Texture>
			</Layer>
		</Layers>
		<Frames>
			<!--<Frame name="$parentLoseControl" inherits="AededUILoseControlTemplate" frameLevel="1" enableMouse="false" hidden="true">
				<Size x="56.5" y="56.5"/>
				<Anchors>
					<Anchor relativeTo="$parentPortrait" x="2.5" y="-4.1"/>
				</Anchors>
			</Frame>-->
			
			<Frame name="$parentLoseControl" inherits="AededUILoseControlTemplate" frameLevel="1">
				<Size x="60" y="60"/>
				<Anchors>
					<Anchor relativeTo="$parentPortrait" x="2" y="-2"/>
				</Anchors>
			</Frame>
			<Frame name="$parentTextureFrame" parentKey="textureFrame" setAllPoints="true">
				<Layers>
					<Layer level="BACKGROUND">
						<Texture name="$parentTexture" parentKey="texture" file="Interface\TargetingFrame\UI-TargetingFrame">
							<TexCoords left="0.09375" right="1.0" top="0" bottom="0.78125"/>
						</Texture>
						<FontString name="$parentName" parentKey="Name" inherits="AededUIGameFontNameNormal">
							<Size x="100" y="10"/>
							<Anchors>
								<Anchor point="CENTER" x="-50" y="19"/>
							</Anchors>
						</FontString>
						<FontString name="$parentLevelText" inherits="GameNormalNumberFont" justifyH="CENTER">
							<!--WARNING:: This is re-anchored in code.-->
							<Anchors>
								<Anchor point="CENTER" x="63" y="-16"/>
							</Anchors>
						</FontString>
						<FontString parentKey="HealthBarText" inherits="AededUIGameFontNormalTarget">
							<Anchors>
								<Anchor point="CENTER" x="-50" y="3"/>
							</Anchors>
						</FontString>
						<FontString parentKey="HealthBarTextLeft" inherits="AededUIGameFontNormalTarget">
							<Anchors>
								<Anchor point="LEFT" x="6" y="3"/>
							</Anchors>
						</FontString>
						<FontString parentKey="HealthBarTextRight" inherits="AededUIGameFontNormalTarget">
							<Anchors>
								<Anchor point="RIGHT" x="-110" y="3"/>
							</Anchors>
						</FontString>
						<FontString parentKey="ManaBarText" inherits="AededUIGameFontNormalTarget">
							<Anchors>
								<Anchor point="CENTER" x="-50" y="-8"/>
							</Anchors>
						</FontString>
						<FontString parentKey="ManaBarTextLeft" inherits="AededUIGameFontNormalTarget">
							<Anchors>
								<Anchor point="LEFT" x="6" y="-8"/>
							</Anchors>
						</FontString>
						<FontString parentKey="ManaBarTextRight" inherits="AededUIGameFontNormalTarget">
							<Anchors>
								<Anchor point="RIGHT" x="-110" y="-8"/>
							</Anchors>
						</FontString>
						<FontString name="$parentDeadText" inherits="AededUIGameFontNameNormal" text="DEAD">
							<Anchors>
								<Anchor point="CENTER" x="-50" y="3"/>
							</Anchors>
						</FontString>
						<FontString name="$parentUnconsciousText" inherits="AededUIGameFontNameNormal" text="UNCONSCIOUS">
							<Anchors>
								<Anchor point="CENTER" x="-50" y="3"/>
							</Anchors>
						</FontString>
					</Layer>
					<Layer level="ARTWORK">
						<Texture name="$parentHighLevelTexture" file="Interface\TargetingFrame\UI-TargetingFrame-Skull">
							<Size x="16" y="16"/>
							<Anchors>
								<Anchor point="CENTER" relativeTo="$parentLevelText" x="0" y="0"/>
							</Anchors>
						</Texture>
						<Texture name="$parentLeaderIcon" file="Interface\GroupFrame\UI-Group-LeaderIcon" hidden="true">
							<Size x="16" y="16"/>
							<Anchors>
								<Anchor point="TOPRIGHT" x="-44" y="-10"/>
							</Anchors>
						</Texture>
						<Texture name="$parentRaidTargetIcon" file="Interface\TargetingFrame\UI-RaidTargetingIcons" hidden="true">
							<Size x="26" y="26"/>
							<Anchors>
								<Anchor point="CENTER" relativePoint="TOPRIGHT" x="-73" y="-14"/>
							</Anchors>
						</Texture>
					</Layer>
				</Layers>
			</Frame>
			<Frame name="$parentDropDown" inherits="UIDropDownMenuTemplate" id="1" hidden="true">
				<Size x="10" y="10"/>
				<Anchors>
					<Anchor point="TOP" x="10" y="-60"/>
				</Anchors>
			</Frame>
			<StatusBar name="$parentHealthBar" inherits="AededUITextStatusBar" parentKey="HealthBar" useParentLevel="true">
				<Size x="119" y="12"/>
				<Anchors>
					<Anchor point="TOPRIGHT" x="-106" y="-41"/>
				</Anchors>
				<Scripts>
					<OnLoad>
						AededUITextStatusBar_Initialize(self);
						self.textLockable = 1;
						self.cvar = "statusText";
						self.cvarLabel = "STATUS_TEXT_TARGET";
						self.zeroText = "";
					</OnLoad>
					<OnValueChanged>
						AededUIUnitFrameHealthBar_OnValueChanged(self, value);
						AededUITargetHealthCheck(self, value);
					</OnValueChanged>
				</Scripts>
				<BarTexture file="Interface\TargetingFrame\UI-StatusBar"/>
			</StatusBar>
			<StatusBar name="$parentManaBar" inherits="AededUITextStatusBar" parentKey="PowerBar" useParentLevel="true">
				<Size x="119" y="12"/>
				<Anchors>
					<Anchor point="TOPRIGHT" x="-106" y="-52"/>
				</Anchors>
				<Scripts>
					<OnLoad>
						AededUITextStatusBar_Initialize(self);
						self.textLockable = 1;
						self.cvar = "statusText";
						self.cvarLabel = "STATUS_TEXT_TARGET";
					</OnLoad>
				</Scripts>
				<BarTexture file="Interface\TargetingFrame\UI-StatusBar"/>
				<BarColor r="0" g="0" b="1.0"/>
			</StatusBar>
			<Frame name="$parentBuffs" parentKey="buffs" hidden="true">
				<Size x="10" y="10"/>
			</Frame>
			<Frame name="$parentDebuffs" parentKey="debuffs" hidden="true">
				<Size x="10" y="10"/>
			</Frame>
		</Frames>
		<Scripts>
			<OnEvent function="AededUITargetFrame_OnEvent"/>
			<OnUpdate>
				AededUITargetFrame_OnUpdate(self, elapsed);
			</OnUpdate>
			<OnHide function="AededUITargetFrame_OnHide"/>
			<OnEnter function="AededUIUnitFrame_OnEnter"/>
			<OnLeave function="AededUIUnitFrame_OnLeave"/>
		</Scripts>
	</Button>
	<Button name="AededUIBossTargetFrameTemplate" inherits="AededUITargetFrameTemplate" virtual="true">
		<Scripts>
			<OnLoad>
				local id = self:GetID();
				if ( id == 1 ) then
					AededUIBossTargetFrame_OnLoad(self, "boss1", "INSTANCE_ENCOUNTER_ENGAGE_UNIT");
				else
					AededUIBossTargetFrame_OnLoad(self, "boss"..id);
				end
				AededUITargetFrame_CreateSpellbar(self, "INSTANCE_ENCOUNTER_ENGAGE_UNIT", true);
				RegisterUnitWatch(self, false);
			</OnLoad>
		</Scripts>
	</Button>
	<Button name="AededUIToTFrameTemplate" movable="true" inherits="SecureUnitButtonTemplate" virtual="true" hidden="true">
		<Size x="93" y="45"/>
		<Anchors>
			<Anchor point="BOTTOMRIGHT" x="15" y="0"/>
		</Anchors>
		<Layers>
			<Layer level="BACKGROUND">
				<Texture name="$parentBackground" parentKey="background">
					<Size x="46" y="15"/>
					<Anchors>
						<Anchor point="BOTTOMLEFT" x="42" y="13"/>
					</Anchors>
					<Color r="0" g="0" b="0" a="0.5"/>
				</Texture>
			</Layer>
			<Layer level="BORDER">
				<Texture name="$parentPortrait">
					<Size x="35" y="35"/>
					<Anchors>
						<Anchor point="TOPLEFT" x="6" y="-6"/>
					</Anchors>
				</Texture>
			</Layer>
		</Layers>
		<Frames>
			<Frame name="$parentLoseControl" inherits="AededUILoseControlTemplateToT" frameLevel="1">
				<Size x="31" y="31"/>
				<Anchors>
					<Anchor relativeTo="$parentPortrait" x="2" y="-2"/>
				</Anchors>
			</Frame>
			<Frame name="$parentTextureFrame" setAllPoints="true">
				<Layers>
					<Layer level="BORDER">
						<Texture name="$parentTexture" file="Interface\TargetingFrame\UI-TargetofTargetFrame">
							<TexCoords left="0.015625" right="0.7265625" top="0" bottom="0.703125"/>
						</Texture>
						<FontString name="$parentName" inherits="AededUIGameFontNameNormal" justifyH="LEFT">
							<Size x="100" y="10"/>
							<Anchors>
								<Anchor point="BOTTOMLEFT" x="42" y="2"/>
							</Anchors>
						</FontString>
						<FontString name="$parentDeadText" inherits="AededUIGameFontNameNormal" text="DEAD">
							<Anchors>
								<Anchor point="LEFT" x="48" y="1"/>
							</Anchors>
						</FontString>
						<FontString name="$parentUnconsciousText" inherits="AededUIGameFontNameNormal" justifyH="LEFT" text="UNCONSCIOUS">
							<Anchors>
								<Anchor point="LEFT" x="48" y="1"/>
							</Anchors>
						</FontString>
					</Layer>
				</Layers>
				<Scripts>
					<OnLoad function="RaiseFrameLevel"/>
				</Scripts>
			</Frame>
			<StatusBar name="$parentHealthBar" inherits="AededUITextStatusBar">
				<Size x="46" y="7"/>
				<Anchors>
					<Anchor point="TOPRIGHT" x="-2" y="-15"/>
				</Anchors>
				<Scripts>
					<OnValueChanged>
						AededUITargetofTargetHealthCheck(self:GetParent());
					</OnValueChanged>
				</Scripts>
				<BarTexture file="Interface\TargetingFrame\UI-StatusBar"/>
				<BarColor r="0" g="1.0" b="0"/>
			</StatusBar>
			<StatusBar name="$parentManaBar" inherits="AededUITextStatusBar">
				<Size x="46" y="7"/>
				<Anchors>
					<Anchor point="TOPRIGHT" x="-2" y="-23"/>
				</Anchors>
				<BarTexture file="Interface\TargetingFrame\UI-StatusBar"/>
				<BarColor r="0" g="0" b="1.0"/>
			</StatusBar>
			<Frame name="$parentDebuff1" inherits="AededUIToTDebuffFrameTemplate" id="1">
				<Anchors>
					<Anchor point="TOPLEFT" relativePoint="TOPRIGHT" x="4" y="-10"/>
				</Anchors>
			</Frame>
			<Frame name="$parentDebuff2" inherits="AededUIToTDebuffFrameTemplate" id="2">
				<Anchors>
					<Anchor point="LEFT" relativeTo="$parentDebuff1" relativePoint="RIGHT" x="1" y="0"/>
				</Anchors>
			</Frame>
			<Frame name="$parentDebuff3" inherits="AededUIToTDebuffFrameTemplate" id="3">
				<Anchors>
					<Anchor point="TOPLEFT" relativeTo="$parentDebuff1" relativePoint="BOTTOMLEFT" x="0" y="-1"/>
				</Anchors>
			</Frame>
			<Frame name="$parentDebuff4" inherits="AededUIToTDebuffFrameTemplate" id="4">
				<Anchors>
					<Anchor point="LEFT" relativeTo="$parentDebuff3" relativePoint="RIGHT" x="1" y="0"/>
				</Anchors>
			</Frame>
		</Frames>
		<Scripts>
			<OnShow>
				AededUITargetFrame_UpdateAuras(self:GetParent());
			</OnShow>
			<OnHide function="AededUITargetofTarget_OnHide"/>
			<OnEvent function="AededUIUnitFrame_OnEvent"/>
			<OnUpdate function="AededUITargetofTarget_Update"/>
		</Scripts>
	</Button>
	<Button name="AededUIToTFocusFrameTemplate" movable="true" inherits="SecureUnitButtonTemplate" virtual="true" hidden="true">
		<Size x="93" y="45"/>
		<Anchors>
			<Anchor point="BOTTOMRIGHT" x="-7" y="-15"/>
		</Anchors>
		<Layers>
			<Layer level="BACKGROUND">
				<Texture name="$parentBackground" parentKey="background">
					<Size x="46" y="15"/>
					<Anchors>
						<Anchor point="BOTTOMLEFT" x="42" y="13"/>
					</Anchors>
					<Color r="0" g="0" b="0" a="0.5"/>
				</Texture>
			</Layer>
			<Layer level="BORDER">
				<Texture name="$parentPortrait">
					<Size x="35" y="35"/>
					<Anchors>
						<Anchor point="TOPLEFT" x="6" y="-6"/>
					</Anchors>
				</Texture>
			</Layer>
		</Layers>
		<Frames>
			<Frame name="$parentTextureFrame" setAllPoints="true">
				<Layers>
					<Layer level="BORDER">
						<Texture name="$parentTexture" file="Interface\TargetingFrame\UI-TargetofTargetFrame">
							<TexCoords left="0.015625" right="0.7265625" top="0" bottom="0.703125"/>
						</Texture>
						<FontString name="$parentName" inherits="AededUIGameFontNameNormal" justifyH="LEFT">
							<Size x="100" y="10"/>
							<Anchors>
								<Anchor point="BOTTOMLEFT" x="42" y="2"/>
							</Anchors>
						</FontString>
						<FontString name="$parentDeadText" inherits="AededUIGameFontNameNormal" text="DEAD">
							<Anchors>
								<Anchor point="LEFT" x="48" y="1"/>
							</Anchors>
						</FontString>
						<FontString name="$parentUnconsciousText" inherits="AededUIGameFontNameNormal" justifyH="LEFT" text="UNCONSCIOUS">
							<Anchors>
								<Anchor point="LEFT" x="48" y="1"/>
							</Anchors>
						</FontString>
					</Layer>
				</Layers>
				<Scripts>
					<OnLoad function="RaiseFrameLevel"/>
				</Scripts>
			</Frame>
			<StatusBar name="$parentHealthBar" inherits="AededUITextStatusBar">
				<Size x="46" y="7"/>
				<Anchors>
					<Anchor point="TOPRIGHT" x="-2" y="-15"/>
				</Anchors>
				<Scripts>
					<OnValueChanged>
						AededUITargetofTargetHealthCheck(self:GetParent());
					</OnValueChanged>
				</Scripts>
				<BarTexture file="Interface\TargetingFrame\UI-StatusBar"/>
				<BarColor r="0" g="1.0" b="0"/>
			</StatusBar>
			<StatusBar name="$parentManaBar" inherits="AededUITextStatusBar">
				<Size x="46" y="7"/>
				<Anchors>
					<Anchor point="TOPRIGHT" x="-2" y="-23"/>
				</Anchors>
				<BarTexture file="Interface\TargetingFrame\UI-StatusBar"/>
				<BarColor r="0" g="0" b="1.0"/>
			</StatusBar>
			<Frame name="$parentDebuff1" inherits="AededUIToTDebuffFrameTemplate" id="1">
				<Anchors>
					<Anchor point="TOPLEFT" relativePoint="TOPRIGHT" x="4" y="-10"/>
				</Anchors>
			</Frame>
			<Frame name="$parentDebuff2" inherits="AededUIToTDebuffFrameTemplate" id="2">
				<Anchors>
					<Anchor point="LEFT" relativeTo="$parentDebuff1" relativePoint="RIGHT" x="1" y="0"/>
				</Anchors>
			</Frame>
			<Frame name="$parentDebuff3" inherits="AededUIToTDebuffFrameTemplate" id="3">
				<Anchors>
					<Anchor point="TOPLEFT" relativeTo="$parentDebuff1" relativePoint="BOTTOMLEFT" x="0" y="-1"/>
				</Anchors>
			</Frame>
			<Frame name="$parentDebuff4" inherits="AededUIToTDebuffFrameTemplate" id="4">
				<Anchors>
					<Anchor point="LEFT" relativeTo="$parentDebuff3" relativePoint="RIGHT" x="1" y="0"/>
				</Anchors>
			</Frame>
		</Frames>
		<Scripts>
			<OnShow>
				AededUITargetFrame_UpdateAuras(self:GetParent());
			</OnShow>
			<OnHide function="AededUITargetofTarget_OnHide"/>
			<OnEvent function="AededUIUnitFrame_OnEvent"/>
			<OnUpdate function="AededUITargetofTarget_Update"/>
		</Scripts>
	</Button>
	<StatusBar name="AededUITargetSpellBarTemplate" inherits="AededUISmallCastingBarFrameTemplate" hidden="true" virtual="true">
		<Size x="150" y="10"/>
		<Scripts>
			<OnShow function="AededUITarget_Spellbar_AdjustPosition"/>
			<OnEvent function="AededUITarget_Spellbar_OnEvent"/>
		</Scripts>
	</StatusBar>
	<StatusBar name="AededUIBossSpellBarTemplate" inherits="AededUISmallCastingBarFrameTemplate" hidden="true" virtual="true">
		<Size x="120" y="10"/>
		<Scripts>
			<OnEvent function="AededUITarget_Spellbar_OnEvent"/>
		</Scripts>
	</StatusBar>

	<Button name="AededUITargetFrame" inherits="AededUITargetFrameTemplate" movable="true">
		<Anchors>
			<Anchor point="TOP" x="-90" y="0"/>
		</Anchors>
		<Scripts>
			<OnLoad>
				self.noTextPrefix = true;
				self.showLevel = true;
				self.showLeader = true;
				self.showPortrait = true;
				self.showClassification = true;
				self.showAuraCount = true;
				self:SetHitRectInsets(96, 40, 10, 9);		-- allows mouseover over health and mana bars
				AededUITargetFrame_OnLoad(self, "target", AededUITargetFrameDropDown_Initialize);
				AededUITargetFrame_CreateTargetofTarget(self, "targettarget");
				AededUITargetFrame_CreateSpellbar(self, "PLAYER_TARGET_CHANGED");
				self:RegisterEvent("PLAYER_TARGET_CHANGED");
				
				RegisterUnitWatch(self, false);
				self:SetScale(1.35);
			</OnLoad>
		</Scripts>
	</Button>
	<Button name="AededUIFocusFrame" movable="true" inherits="AededUITargetFrameTemplate" clampedToScreen="true">
		<Anchors>
			<Anchor point="CENTER" x="-175" y="72"/>
		</Anchors>
		<Scripts>
			<OnLoad>
				self.noTextPrefix = true;
				self.showLevel = true;
				self.showLeader = true;
				self.showPortrait = true;
				self.showClassification = true;
				self.showAuraCount = true;
				AededUITargetFrame_OnLoad(self, "focus", AededUIFocusFrameDropDown_Initialize);
				AededUITargetFrame_CreateSpellbar(self, "PLAYER_FOCUS_CHANGED");
				AededUITargetFrame_CreateTargetofFocus(self, "focus-target");
				self:RegisterEvent("PLAYER_FOCUS_CHANGED");
				self:RegisterForDrag("LeftButton");
				
				RegisterUnitWatch(self, false);
				self:SetScale(0.89);
			</OnLoad>
		</Scripts>
	</Button>
	<Button name="AededUIBoss1TargetFrame" inherits="AededUIBossTargetFrameTemplate" id="1">
		<Anchors>
			<Anchor point="TOPRIGHT" x="55" y="-236"/>
		</Anchors>
	</Button>
	<Button name="AededUIBoss2TargetFrame" inherits="AededUIBossTargetFrameTemplate" id="2">
		<Anchors>
			<Anchor point="TOPLEFT" relativeTo="AededUIBoss1TargetFrame" relativePoint="BOTTOMLEFT" x="0" y="-30"/>
		</Anchors>
	</Button>
	<Button name="AededUIBoss3TargetFrame" inherits="AededUIBossTargetFrameTemplate" id="3">
		<Anchors>
			<Anchor point="TOPLEFT" relativeTo="AededUIBoss2TargetFrame" relativePoint="BOTTOMLEFT" x="0" y="-30"/>
		</Anchors>
	</Button>
	<Button name="AededUIBoss4TargetFrame" inherits="AededUIBossTargetFrameTemplate" id="4">
		<Anchors>
			<Anchor point="TOPLEFT" relativeTo="AededUIBoss3TargetFrame" relativePoint="BOTTOMLEFT" x="0" y="-30"/>
		</Anchors>
	</Button>
	<Button name="AededUIBoss5TargetFrame" inherits="AededUIBossTargetFrameTemplate" id="5">
		<Anchors>
			<Anchor point="TOPLEFT" relativeTo="AededUIBoss4TargetFrame" relativePoint="BOTTOMLEFT" x="0" y="-30"/>
		</Anchors>
	</Button>
</Ui>
