<Ui xmlns="http://www.blizzard.com/wow/ui/" xmlns:xsi="http://www.w3.org/2001/XMLSchema-instance" xsi:schemaLocation="http://www.blizzard.com/wow/ui/
..\FrameXML\UI.xsd">
	<Script file="AededUIPlayerFrame.lua"/>
	<!--IMPORTANT
		If you change anything in this file, be sure to change the equivalent data in AededUIPlayerFrame.lua, function AededUIPlayerFrame_ToAededUIPlayerArt
		IMPORTANT-->
	<Button name="AededUIPlayerFrame" frameStrata="LOW" toplevel="true" movable="true" inherits="SecureUnitButtonTemplate" parent="UIParent">
		<Size x="232" y="100"/>
		<Anchors>
			<Anchor point="TOPLEFT" x="82" y="0"/>
		</Anchors>
		<!-- This frame gets positioned in UIParent_UpdateTopFramePositions() -->
		<HitRectInsets>
			<AbsInset left="6" right="0" top="4" bottom="9"/>
		</HitRectInsets>
		<Layers>
			<Layer level="BACKGROUND">
				<Texture name="AededUIPlayerFrameBackground">
					<Size x="119" y="41"/>
					<Anchors>
						<Anchor point="TOPLEFT" x="106" y="-22"/>
					</Anchors>
					<Color r="0" g="0" b="0" a="0.5"/>
				</Texture>
			</Layer>
			<Layer level="ARTWORK">
				<Texture name="AededUIPlayerPortrait">
					<Size x="64" y="64"/>
					<Anchors>
						<Anchor point="TOPLEFT" x="42" y="-12"/>
					</Anchors>
				</Texture>
			</Layer>
		</Layers>
		<Frames>
			<Frame name="AededUIPlayerFrameLoseControl" inherits="AededUILoseControlTemplatePlayer" frameLevel="1">
				<Size x="56" y="56"/>
				<Anchors>
					<Anchor point="CENTER" relativeTo="UIParent" x="0" y="0"/>
				</Anchors>
			</Frame>
			<Frame setAllPoints="true">
				<Frames>
					<Frame setAllPoints="true">
						<Layers>
							<Layer level="BORDER">
								<Texture name="AededUIPlayerFrameTexture" file="Interface\TargetingFrame\UI-TargetingFrame">
									<TexCoords left="1.0" right="0.09375" top="0" bottom="0.78125"/>
								</Texture>
								<Texture name="AededUIPlayerFrameVehicleTexture" file="Interface\Vehicles\UI-Vehicle-Frame" hidden="true">
									<Size x="240" y="120"/>
									<Anchors>
										<Anchor point="CENTER" x="20" y="0"/>
									</Anchors>
								</Texture>
								<FontString name="AededUIPlayerName" inherits="AededUIGameFontNameNormal">
									<Size x="100" y="12"/>
									<Anchors>
										<Anchor point="CENTER" x="50" y="19"/>
									</Anchors>
								</FontString>
								<FontString name="AededUIPlayerLevelText" inherits="GameNormalNumberFont" justifyH="CENTER">
									<!--WARNING:: This is re-anchored in code.-->
									<Anchors>
										<Anchor point="CENTER" x="-63" y="-16"/>
									</Anchors>
								</FontString>
								<FontString name="AededUIPlayerFrameHealthBarText" inherits="AededUIGameFontNormalPlayer">
									<Anchors>
										<Anchor point="CENTER" x="50" y="3"/>
									</Anchors>
								</FontString>
								<FontString name="AededUIPlayerFrameHealthBarTextLeft" inherits="AededUIGameFontNormalPlayer">
									<Anchors>
										<Anchor point="LEFT" x="110" y="3"/>
									</Anchors>
								</FontString>
								<FontString name="AededUIPlayerFrameHealthBarTextRight" inherits="AededUIGameFontNormalPlayer">
									<Anchors>
										<Anchor point="RIGHT" x="-8" y="3"/>
									</Anchors>
								</FontString>
								<FontString name="AededUIPlayerFrameManaBarText" inherits="AededUIGameFontNormalPlayer">
									<Anchors>
										<Anchor point="CENTER" x="50" y="-8"/>
									</Anchors>
								</FontString>
								<FontString name="AededUIPlayerFrameManaBarTextLeft" inherits="AededUIGameFontNormalPlayer">
									<Anchors>
										<Anchor point="LEFT" x="110" y="-8"/>
									</Anchors>
								</FontString>
								<FontString name="AededUIPlayerFrameManaBarTextRight" inherits="AededUIGameFontNormalPlayer">
									<Anchors>
										<Anchor point="RIGHT" x="-8" y="-8"/>
									</Anchors>
								</FontString>
							</Layer>
							<Layer level="OVERLAY">
								<Texture name="AededUIPlayerLeaderIcon" file="Interface\GroupFrame\UI-Group-LeaderIcon" hidden="true">
									<Size x="16" y="16"/>
									<Anchors>
										<Anchor point="TOPLEFT" x="44" y="-10"/>
									</Anchors>
								</Texture>
								<Texture name="AededUIPlayerMasterIcon" file="Interface\GroupFrame\UI-Group-MasterLooter" hidden="true">
									<Size x="16" y="16"/>
									<Anchors>
										<Anchor point="TOPLEFT" x="80" y="-10"/>
									</Anchors>
								</Texture>
								<Texture name="AededUIPlayerRestIcon" file="Interface\CharacterFrame\UI-StateIcon" hidden="false">
									<Size x="31" y="33"/>
									<Anchors>
										<Anchor point="TOPLEFT" x="37" y="-49"/>
									</Anchors>
									<TexCoords left="0" right="0.5" top="0" bottom="0.421875"/>
								</Texture>
								<Texture name="AededUIPlayerAttackIcon" file="Interface\CharacterFrame\UI-StateIcon" hidden="false">
									<Size x="32" y="32"/>
									<Anchors>
										<Anchor point="TOPLEFT" relativeTo="AededUIPlayerRestIcon" x="1" y="1"/>
									</Anchors>
									<TexCoords left="0.5" right="1.0" top="0" bottom="0.484375"/>
								</Texture>
							</Layer>
						</Layers>
					</Frame>
					<Frame name="AededUIPlayerFrameReadyCheck" inherits="ReadyCheckStatusTemplate" hidden="true">
						<Size x="40" y="40"/>
						<Anchors>
							<Anchor point="CENTER" relativeTo="AededUIPlayerPortrait" relativePoint="CENTER" x="0" y="0"/>
						</Anchors>
						<Scripts>
							<OnLoad function="RaiseFrameLevelByTwo"/>
						</Scripts>
					</Frame>				
					<Button parentKey="MultiGroupFrame" hidden="true">
						<Size x="20" y="20"/>
						<Anchors>
							<Anchor point="TOPLEFT" x="52" y="-1"/>
						</Anchors>
						<Layers>
							<Layer level="ARTWORK" textureSubLevel="0">
								<Texture parentKey="HomePartyIcon" file="Interface\FriendsFrame\UI-Toast-FriendOnlineIcon">
									<Size x="26" y="26"/>
									<Anchors>
										<Anchor point="CENTER" x="4" y="4"/>
									</Anchors>
									<Color r="0" g="0" b="1"/>
								</Texture>
							</Layer>
							<Layer level="ARTWORK" textureSubLevel="1">
								<Texture parentKey="InstancePartyIcon" file="Interface\FriendsFrame\UI-Toast-FriendOnlineIcon">
									<Size x="26" y="26"/>
									<Anchors>
										<Anchor point="CENTER"/>
									</Anchors>
									<Color r="1" g="0" b="0"/>
								</Texture>
							</Layer>
						</Layers>
						<Scripts>
							<OnLoad function="AededUIPlayerFrameMultiGroupFrame_OnLoad"/>
							<OnEvent function="AededUIPlayerFrameMultiGroupFrame_OnEvent"/>
							<OnEnter function="AededUIPlayerFrameMultiGroupframe_OnEnter"/>
							<OnLeave>
								GameTooltip:Hide();
							</OnLeave>
							<OnClick>
								self:GetParent():GetParent():Click(button);
							</OnClick>
						</Scripts>
					</Button>
				</Frames>
			</Frame>
			<StatusBar name="AededUIPlayerFrameHealthBar" inherits="AededUITextStatusBar" enableMouseMotion="true">
				<Size x="119" y="12"/>
				<Anchors>
					<Anchor point="TOPLEFT" x="106" y="-41"/>
				</Anchors>
				<Scripts>
					<OnLoad>
						AededUITextStatusBar_Initialize(self);
						self.textLockable = 1;
						self.cvar = "statusText";
						self.cvarLabel = "STATUS_TEXT_PLAYER";

						self:SetMouseClickEnabled(false);
					</OnLoad>
					<OnValueChanged function="UnitFrameHealthBar_OnValueChanged"/>
				</Scripts>
				<BarTexture file="Interface\TargetingFrame\UI-StatusBar"/>
			</StatusBar>
			<StatusBar name="AededUIPlayerFrameManaBar" inherits="AededUITextStatusBar" enableMouseMotion="true">
				<Size x="119" y="12"/>
				<Anchors>
					<Anchor point="TOPLEFT" x="106" y="-52"/>
				</Anchors>
				<Scripts>
					<OnLoad>
						AededUITextStatusBar_Initialize(self);
						self.textLockable = 1;
						self.cvar = "statusText";
						self.cvarLabel = "STATUS_TEXT_PLAYER";

						self:SetMouseClickEnabled(false);
					</OnLoad>
				</Scripts>
				<BarTexture file="Interface\TargetingFrame\UI-StatusBar"/>
				<BarColor r="0" g="0" b="1.0"/>
			</StatusBar>
			<Frame name="AededUIPlayerFrameDropDown" inherits="UIDropDownMenuTemplate" id="1" hidden="true">
				<Size x="10" y="10"/>
				<Anchors>
					<Anchor point="TOP" x="-10" y="-50"/>
				</Anchors>
				<Scripts>
					<OnLoad function="AededUIPlayerFrameDropDown_OnLoad"/>
				</Scripts>
			</Frame>
		</Frames>
		<Scripts>
			<OnLoad> 
				AededUIPlayerFrame_OnLoad(self);
				RegisterUnitWatch(self, false);
				self:SetScale(1.35);
			</OnLoad>
			<OnEvent function="AededUIPlayerFrame_OnEvent"/>
			<OnEnter function="UnitFrame_OnEnter"/>
			<OnLeave function="UnitFrame_OnLeave"/>
		</Scripts>
	</Button>
</Ui>
