<Ui xmlns="http://www.blizzard.com/wow/ui/" xmlns:xsi="http://www.w3.org/2001/XMLSchema-instance" xsi:schemaLocation="http://www.blizzard.com/wow/ui/
..\FrameXML\UI.xsd">
	<Script file="AededUIPetFrame.lua"/>
	<Button name="AededUIPetFrame" frameStrata="LOW" inherits="SecureUnitButtonTemplate" parent="AededUIPlayerFrame">
		<Size x="128" y="53"/>
		<Anchors>
			<Anchor point="BOTTOMLEFT" relativeTo="AededUIPlayerFrame" relativePoint="BOTTOM" x="-35" y="-6"/>
		</Anchors>
		<HitRectInsets>
			<AbsInset left="7" right="66" top="6" bottom="7"/>
		</HitRectInsets>
		<Layers>
			<Layer level="BACKGROUND">
				<Texture name="AededUIPetPortrait">
					<Size x="37" y="37"/>
					<Anchors>
						<Anchor point="TOPLEFT" x="7" y="-6"/>
					</Anchors>
				</Texture>
			</Layer>
		</Layers>
		<Frames>
			<Frame name="AededUIPetFrameDropDown" inherits="UIDropDownMenuTemplate" id="1" hidden="true">
				<Size x="10" y="10"/>
				<Anchors>
					<Anchor point="TOP" x="-20" y="-20"/>
				</Anchors>
				<Scripts>
					<OnLoad function="AededUIPetFrameDropDown_OnLoad"/>
				</Scripts>
			</Frame>
			<Frame name="AededUIPetFrameLoseControl" inherits="AededUILoseControlTemplateToT" frameLevel="1">
				<Size x="31" y="31"/>
				<Anchors>
					<Anchor relativeTo="AededUIPetPortrait" x="2" y="-2"/>
				</Anchors>
			</Frame>
			<Frame setAllPoints="true">
				<Frames>
					<Frame setAllPoints="true">
						<Layers>
							<Layer level="BORDER">
								<Texture name="AededUIPetFrameTexture" file="Interface\TargetingFrame\UI-SmallTargetingFrame">
									<Size x="128" y="64"/>
									<Anchors>
										<Anchor point="TOPLEFT" x="0" y="-2"/>
									</Anchors>
								</Texture>
								<FontString name="AededUIPetFrameHealthBarText" inherits="AededUIGameFontNormalPet">
									<Anchors>
										<Anchor point="CENTER" relativePoint="TOPLEFT" x="82" y="-26"/>
									</Anchors>
								</FontString>
								<FontString name="AededUIPetFrameHealthBarTextLeft" inherits="AededUIGameFontNormalPet">
									<Anchors>
										<Anchor point="LEFT" relativePoint="TOPLEFT" x="46" y="-26"/>
									</Anchors>
								</FontString>
								<FontString name="AededUIPetFrameHealthBarTextRight" inherits="AededUIGameFontNormalPet">
									<Anchors>
										<Anchor point="RIGHT" relativePoint="TOPLEFT" x="113" y="-26"/>
									</Anchors>
								</FontString>
								<FontString name="AededUIPetFrameManaBarText" inherits="AededUIGameFontNormalPet">
									<Anchors>
										<Anchor point="CENTER" relativePoint="TOPLEFT" x="82" y="-35"/>
									</Anchors>
								</FontString>
								<FontString name="AededUIPetFrameManaBarTextLeft" inherits="AededUIGameFontNormalPet">
									<Anchors>
										<Anchor point="LEFT" relativePoint="TOPLEFT" x="46" y="-38"/>
									</Anchors>
								</FontString>
								<FontString name="AededUIPetFrameManaBarTextRight" inherits="AededUIGameFontNormalPet">
									<Anchors>
										<Anchor point="RIGHT" relativePoint="TOPLEFT" x="113" y="-38"/>
									</Anchors>
								</FontString>
							</Layer>
							<Layer level="ARTWORK">
								<FontString name="AededUIPetName" inherits="AededUIGameFontNameNormal">
									<Anchors>
										<Anchor point="BOTTOMLEFT" x="52" y="33"/>
									</Anchors>
								</FontString>
								<Texture name="AededUIPetAttackModeTexture" file="Interface\TargetingFrame\UI-Player-AttackStatus" alphaMode="ADD" hidden="true">
									<Size x="76" y="64"/>
									<Anchors>
										<Anchor point="TOPLEFT" x="6" y="-9"/>
									</Anchors>
									<TexCoords left="0.703125" right="1.0" top="0" bottom="1.0"/>
								</Texture>
							</Layer>
						</Layers>
					</Frame>
				</Frames>
			</Frame>
			<StatusBar name="AededUIPetFrameHealthBar" inherits="AededUITextStatusBar">
				<Size x="70" y="8"/>
				<Anchors>
					<Anchor point="TOPLEFT" x="46" y="-22"/>
				</Anchors>
				<Scripts>
					<OnLoad>
						AededUITextStatusBar_Initialize(self);
						self.textLockable = 1;
						self.cvar = "statusText";
						self.cvarLabel = "STATUS_TEXT_PET";
					</OnLoad>
					<OnValueChanged function="AededUIUnitFrameHealthBar_OnValueChanged"/>
				</Scripts>
				<BarTexture file="Interface\TargetingFrame\UI-StatusBar"/>
			</StatusBar>
			<StatusBar name="AededUIPetFrameManaBar" inherits="AededUITextStatusBar">
				<Size x="70" y="8"/>
				<Anchors>
					<Anchor point="TOPLEFT" x="46" y="-29"/>
				</Anchors>
				<Scripts>
					<OnLoad>
						AededUITextStatusBar_Initialize(self);
						self.textLockable = 1;
						self.cvar = "statusText";
						self.cvarLabel = "STATUS_TEXT_PET";
					</OnLoad>
				</Scripts>
				<BarTexture file="Interface\TargetingFrame\UI-StatusBar"/>
				<BarColor r="0" g="0" b="1.0"/>
			</StatusBar>
			<Button name="$parentBuff1" inherits="AededUIPartyBuffFrameTemplate" id="1">
				<Anchors>
					<Anchor point="TOPLEFT" x="48" y="-42"/>
				</Anchors>
				<Scripts>
					<OnEnter>
						GameTooltip:SetOwner(self, "ANCHOR_RIGHT");
						GameTooltip:SetUnitBuff(AededUIPetFrame.unit, self:GetID());
					</OnEnter>
				</Scripts>
			</Button>
			<Button name="$parentBuff2" inherits="AededUIPartyBuffFrameTemplate" id="2">
				<Anchors>
					<Anchor point="LEFT" relativeTo="$parentBuff1" relativePoint="RIGHT" x="2" y="0"/>
				</Anchors>
				<Scripts>
					<OnEnter>
						GameTooltip:SetOwner(self, "ANCHOR_RIGHT");
						GameTooltip:SetUnitBuff(AededUIPetFrame.unit, self:GetID());
					</OnEnter>
				</Scripts>
			</Button>
			<Button name="$parentBuff3" inherits="AededUIPartyBuffFrameTemplate" id="3">
				<Anchors>
					<Anchor point="LEFT" relativeTo="$parentBuff2" relativePoint="RIGHT" x="2" y="0"/>
				</Anchors>
				<Scripts>
					<OnEnter>
						GameTooltip:SetOwner(self, "ANCHOR_RIGHT");
						GameTooltip:SetUnitBuff(AededUIPetFrame.unit, self:GetID());
					</OnEnter>
				</Scripts>
			</Button>
			<Button name="$parentBuff4" inherits="AededUIPartyBuffFrameTemplate" id="4">
				<Anchors>
					<Anchor point="LEFT" relativeTo="$parentBuff3" relativePoint="RIGHT" x="2" y="0"/>
				</Anchors>
				<Scripts>
					<OnEnter>
						GameTooltip:SetOwner(self, "ANCHOR_RIGHT");
						GameTooltip:SetUnitBuff(AededUIPetFrame.unit, self:GetID());
					</OnEnter>
				</Scripts>
			</Button>
			<Frame name="AededUIPetFrameHappiness" enableMouse="true" hidden="false">
				<Size>
					<AbsDimension x="24" y="23"/>
				</Size>
				<Anchors>
					<Anchor point="LEFT" relativePoint="RIGHT">
						<Offset>
							<AbsDimension x="-7" y="-4"/>
						</Offset>
					</Anchor>
				</Anchors>
				<Layers>
					<Layer level="BACKGROUND">
						<Texture name="AededUIPetFrameHappinessTexture" file="Interface\PetPaperDollFrame\UI-PetHappiness" setAllPoints="true">
							<Size>
								<AbsDimension x="24" y="23"/>
							</Size>
							<TexCoords left="0" right="0.1875" top="0" bottom="0.359375"/>
						</Texture>			
					</Layer>
				</Layers>
				<Scripts>
					<OnEnter>
						if ( self.tooltip ) then
							GameTooltip:SetOwner(self, "ANCHOR_RIGHT");
							GameTooltip:SetText(self.tooltip);
							if ( self.tooltipDamage ) then
								GameTooltip:AddLine(self.tooltipDamage, "", 1, 1, 1);
							end
							if ( self.tooltipLoyalty ) then
								GameTooltip:AddLine(self.tooltipLoyalty, "", 1, 1, 1);
							end
							GameTooltip:Show();
						end
					</OnEnter>
					<OnLeave>
						GameTooltip:Hide();
					</OnLeave>
				</Scripts>
			</Frame>
		</Frames>
		<Scripts>
			<OnLoad>
				AededUIPetFrame_OnLoad(self);
				self:SetScale(0.8);
				RegisterUnitWatch(self, false);
			</OnLoad>
			<OnEvent function="AededUIPetFrame_OnEvent"/>
			<OnShow>
				AededUIUnitFrame_Update(self);
				AededUIPetFrame_Update(self);
			</OnShow>
			<OnUpdate function="AededUIPetFrame_OnUpdate"/>
			<OnEnter>
				AededUIUnitFrame_OnEnter(self);
			</OnEnter>
			<OnLeave>
				AededUIUnitFrame_OnLeave(self);
			</OnLeave>
		</Scripts>
	</Button>
	<StatusBar name="AededUIPetCastingBarFrame" toplevel="true" parent="UIParent" hidden="true" inherits="AededUICastingBarFrameTemplate">
		<Size x="195" y="13"/>
		<Anchors>
			<Anchor point="BOTTOM" relativeTo="CastingBarFrame" relativePoint="TOP" x="0" y="12"/>
		</Anchors>
		<Scripts>
			<OnLoad function="AededUIPetCastingBarFrame_OnLoad"/>
			<OnEvent function="AededUIPetCastingBarFrame_OnEvent"/>
		</Scripts>
	</StatusBar>
</Ui>
