<Ui xmlns="http://www.blizzard.com/wow/ui/" xmlns:xsi="http://www.w3.org/2001/XMLSchema-instance" xsi:schemaLocation="http://www.blizzard.com/wow/ui/
..\FrameXML\UI.xsd">

	<Font name="AededUIGameFontNormaldddd" inherits="" virtual="true" font="Fonts\FRIZQT__.TTF" height="8.2" outline="NORMAL">
		<Color r="1.0" g="1.0" b="1.0"/>
	</Font>
	
	<Font name="AededUIGameFontNormalPlayer" inherits="" virtual="true" font="Fonts\FRIZQT__.TTF" height="10" outline="NORMAL">
		<Color r="1.0" g="1.0" b="1.0"/>
	</Font>
	
	<Font name="AededUIGameFontNormalPet" inherits="" virtual="true" font="Fonts\FRIZQT__.TTF" height="9.5" outline="NORMAL">
		<Color r="1.0" g="1.0" b="1.0"/>
	</Font>
	
	<Font name="AededUIGameFontNormalTarget" inherits="" virtual="true" font="Fonts\FRIZQT__.TTF" height="10" outline="NORMAL">
		<Color r="1.0" g="1.0" b="1.0"/>
	</Font>
	
	<Font name="AededUIGameFontNormalParty" inherits="" virtual="true" font="Fonts\FRIZQT__.TTF" height="8.2" outline="NORMAL">
		<Color r="1.0" g="1.0" b="1.0"/>
	</Font>
	
	<Font name="AededUIGameFontCount" inherits="" virtual="true" font="Fonts\FRIZQT__.TTF" height="9" outline="NORMAL">
		<Color r="1.0" g="1.0" b="1.0"/>
	</Font>
	
	<Font name="AededUIGameFontCountToT" inherits="" virtual="true" font="Fonts\FRIZQT__.TTF" height="8" outline="NORMAL">
		<Color r="1.0" g="1.0" b="1.0"/>
	</Font>
	
	<Font name="AededUIGameFontCountParty" inherits="" virtual="true" font="Fonts\FRIZQT__.TTF" height="8" outline="NORMAL">
		<Color r="1.0" g="1.0" b="1.0"/>
	</Font>
	
	<Font name="AededUIGameFontNameNormal" inherits="GameFontNormalSmall" virtual="true">
	</Font>
	
	<Font name="AededUIGameFontNameNormalToT" inherits="GameFontNormalSmall" height="8.75" virtual="true">
	</Font>
	
	<Cooldown name="AededUIPortraitCooldownTemplate" setAllPoints="true" hidden="true" reverse="true" drawEdge="false" hideCountdownNumbers="true" virtual="true">
		<SwipeTexture file="Interface\CharacterFrame\TempPortraitAlphaMask">
			<Color r="0" g="0" b="0" a="0.65"/>
		</SwipeTexture>
		<EdgeTexture file="Interface\Cooldown\edge"/>
		<BlingTexture file="Interface\Cooldown\star4">
			<Color r="0.3" g="0.6" b="1" a="0.8"/>
		</BlingTexture>
	</Cooldown>
	
	<Cooldown name="AededUICooldownTemplate" setAllPoints="true" hidden="true" reverse="true" drawEdge="false" hideCountdownNumbers="true" virtual="true">
		<SwipeTexture file="Interface\AddOns\AededUI\TempAededUIAlphaMask">
			<Color r="0" g="0" b="0" a="0.65"/>

		</SwipeTexture>
		<EdgeTexture file="Interface\Cooldown\edge"/>
		<BlingTexture file="Interface\Cooldown\star4">
			<Color r="0.3" g="0.6" b="1" a="0.8"/>
		</BlingTexture>
	</Cooldown>
	
	<Cooldown name="AededUICooldownTemplateDebuff" setAllPoints="true" hidden="true" reverse="true" drawEdge="false" hideCountdownNumbers="true" virtual="true">
		<SwipeTexture>
			<Color r="0" g="0" b="0" a="0.65"/>
		</SwipeTexture>
		<EdgeTexture file="Interface\Cooldown\edge"/>
		<BlingTexture file="Interface\Cooldown\star4">
			<Color r="0.3" g="0.6" b="1" a="0.8"/>
		</BlingTexture>
	</Cooldown>
	
	<Frame name="AededUIAbilityIconTemplate" virtual="true" enableMouse="false" hidden="true">
		<Size x="32" y="32"/>
		<Layers>
			<Layer level="ARTWORK">
				<Texture name="$parentIcon" setAllPoints="true"/>
			</Layer>
		</Layers>
		<Frames>
			<Cooldown name="$parentCooldown" inherits="AededUICooldownTemplate" hideCountdownNumbers="true" reverse="true" drawEdge="false" hidden="true">
				<Anchors>
					<Anchor point="CENTER" x="0" y="-1"/>
				</Anchors>
			</Cooldown>
		</Frames>
	</Frame>
	<Frame name="AededUIPartyBuffFrameTemplate" virtual="true" enableMouse="true" hidden="true">
		<Size x="15" y="15"/>
		<Layers>
			<Layer level="ARTWORK">
				<Texture name="$parentIcon" setAllPoints="true"/>
			</Layer>
			<Layer level="ARTWORK">
				<FontString name="$parentCount" inherits="AededUIGameFontCountParty" justifyH="RIGHT">
					<Anchors>
						<Anchor point="BOTTOMRIGHT" x="2" y="0"/>
					</Anchors>
				</FontString>
			</Layer>
		</Layers>
		<Frames>
			<Cooldown name="$parentCooldown" inherits="AededUICooldownTemplate" hideCountdownNumbers="true" reverse="true" drawEdge="false" hidden="true">
				<Anchors>
					<Anchor point="CENTER" x="0" y="-1"/>
				</Anchors>
			</Cooldown>
		</Frames>
		<Scripts>
			<OnUpdate>
				if ( GameTooltip:IsOwned(self) ) then
					GameTooltip:SetUnitBuff("party"..self:GetParent():GetID(), self:GetID());
				end
			</OnUpdate>
			<OnEnter>
				GameTooltip:SetOwner(self, "ANCHOR_RIGHT");
				GameTooltip:SetUnitBuff("party"..self:GetParent():GetID(), self:GetID());
			</OnEnter>
			<OnLeave>
				GameTooltip:Hide();
			</OnLeave>
		</Scripts>
	</Frame>
	<Frame name="AededUIPartyDebuffFrameTemplate" virtual="true" enableMouse="true" hidden="true">
		<Size x="15" y="15"/>
		<Layers>
			<Layer level="ARTWORK">
				<Texture name="$parentIcon" setAllPoints="true"/>
			</Layer>
			<Layer level="ARTWORK">
				<FontString name="$parentCount" inherits="AededUIGameFontCountParty" justifyH="RIGHT">
					<Anchors>
						<Anchor point="BOTTOMRIGHT" x="2" y="0"/>
					</Anchors>
				</FontString>
			</Layer>
			<Layer level="OVERLAY">
				<Texture name="$parentBorder" file="Interface\Buttons\UI-Debuff-Overlays">
					<Size x="17" y="17"/>
					<Anchors>
						<Anchor point="TOPLEFT" x="-1" y="1"/>
						<Anchor point="BOTTOMRIGHT" x="1" y="-1"/>
					</Anchors>
					<TexCoords left="0.296875" right="0.5703125" top="0" bottom="0.525625"/>
				</Texture>	
			</Layer>
		</Layers>
		<Frames>
			<Cooldown name="$parentCooldown" inherits="AededUICooldownTemplateDebuff" hideCountdownNumbers="true" reverse="true" drawEdge="true" hidden="true">
				<Anchors>
					<Anchor point="CENTER" x="0" y="-1"/>
				</Anchors>
			</Cooldown>
		</Frames>
		<Scripts>
			<OnUpdate>
				if ( GameTooltip:IsOwned(self) ) then
					GameTooltip:SetUnitDebuff("party"..self:GetParent():GetID(), self:GetID());
				end
			</OnUpdate>
			<OnEnter>
				GameTooltip:SetOwner(self, "ANCHOR_RIGHT");
				GameTooltip:SetUnitDebuff("party"..self:GetParent():GetID(), self:GetID());
			</OnEnter>
			<OnLeave>
				GameTooltip:Hide();
			</OnLeave>
		</Scripts>
	</Frame>
	<Frame name="AededUIPartyPetDebuffFrameTemplate" enableMouse="true" virtual="true" hidden="true">
		<Size x="10" y="10"/>
		<Layers>
			<Layer level="ARTWORK">
				<Texture name="$parentIcon" setAllPoints="true"/>
			</Layer>
			<Layer level="ARTWORK">
				<FontString name="$parentCount" inherits="AededUIGameFontCountToT" justifyH="RIGHT">
					<Anchors>
						<Anchor point="BOTTOMRIGHT" x="2" y="0"/>
					</Anchors>
				</FontString>
			</Layer>
			<Layer level="OVERLAY">
				<Texture name="$parentBorder" file="Interface\Buttons\UI-Debuff-Overlays">
					<Size x="11" y="11"/>
					<Anchors>
						<Anchor point="TOPLEFT" x="-1" y="1"/>
						<Anchor point="BOTTOMRIGHT" x="1" y="-1"/>
					</Anchors>
					<TexCoords left="0.296875" right="0.5703125" top="0" bottom="0.545625"/>
				</Texture>	
			</Layer>
		</Layers>
		<Scripts>
			<OnUpdate>
				if ( GameTooltip:IsOwned(self) ) then
					GameTooltip:SetUnitDebuff("partypet"..self:GetParent():GetID(), self:GetID());
				end
			</OnUpdate>
			<OnEnter>
				GameTooltip:SetOwner(self, "ANCHOR_RIGHT");
				GameTooltip:SetUnitDebuff("partypet"..self:GetParent():GetParent():GetID(), self:GetID());
			</OnEnter>
			<OnLeave>
				GameTooltip:Hide();
			</OnLeave>
		</Scripts>
	</Frame>
		<Frame name="AededUIToTDebuffFrameTemplate" virtual="true" enableMouse="true" hidden="true">
		<Size x="12" y="12"/>
		<Layers>
			<Layer level="ARTWORK">
				<Texture name="$parentIcon" setAllPoints="true"/>
			</Layer>
			<Layer level="ARTWORK">
				<FontString name="$parentCount" inherits="AededUIGameFontCountToT" justifyH="RIGHT">
					<Anchors>
						<Anchor point="BOTTOMRIGHT" x="2" y="0"/>
					</Anchors>
				</FontString>
			</Layer>
			<Layer level="OVERLAY">
				<Texture name="$parentBorder" file="Interface\Buttons\UI-Debuff-Overlays">
					<Size x="13" y="13"/>
					<Anchors>
						<Anchor point="TOPLEFT" x="-1" y="1"/>
						<Anchor point="BOTTOMRIGHT" x="1" y="-1"/>
					</Anchors>
					<TexCoords left="0.296875" right="0.5703125" top="0" bottom="0.515625"/>
				</Texture>
			</Layer>
		</Layers>
		<Frames>
			<Cooldown name="$parentCooldown" inherits="AededUICooldownTemplate" hideCountdownNumbers="true" reverse="true" drawEdge="true" hidden="true">
				<Anchors>
					<Anchor point="CENTER" x="0" y="-1"/>
				</Anchors>
			</Cooldown>
		</Frames>
		<Scripts>
			<OnEnter>
				if ( self:GetCenter() > GetScreenWidth()/2 ) then
					GameTooltip:SetOwner(self, "ANCHOR_LEFT");
				else
					GameTooltip:SetOwner(self, "ANCHOR_RIGHT");
				end
				local unit = self:GetParent().unit;
				GameTooltip:SetUnitDebuff(unit, self:GetID());
			</OnEnter>
			<OnLeave>
				GameTooltip:Hide();
			</OnLeave>
		</Scripts>
	</Frame>
	<Frame name="AededUITargetDebuffFrameTemplate" virtual="true" enableMouse="true">
		<Size x="17" y="17"/>
		<Layers>
			<Layer level="ARTWORK">
				<Texture name="$parentIcon" setAllPoints="true"/>
			</Layer>
			<Layer level="OVERLAY">
				<Texture name="$parentBorder" file="Interface\Buttons\UI-Debuff-Overlays">
					<Size x="17" y="17"/>
					<Anchors>
						<Anchor point="TOPLEFT" x="-1" y="1"/>
						<Anchor point="BOTTOMRIGHT" x="1" y="-1"/>
					</Anchors>
					<TexCoords left="0.296875" right="0.5703125" top="0" bottom="0.515625"/>
				</Texture>
				<FontString name="$parentCount" inherits="AededUIGameFontCount" justifyH="RIGHT">
					<Anchors>
						<Anchor point="BOTTOMRIGHT" x="5" y="0"/>
					</Anchors>
				</FontString>
			</Layer>
		</Layers>
		<Frames>
			<Cooldown name="$parentCooldown" inherits="AededUICooldownTemplateDebuff" hideCountdownNumbers="true" reverse="true" drawEdge="true" hidden="true">
				<Anchors>
					<Anchor point="CENTER" x="0" y="-1"/>
				</Anchors>
			</Cooldown>
		</Frames>
		<Scripts>
			<OnUpdate>
				if ( GameTooltip:IsOwned(self) ) then
					GameTooltip:SetUnitDebuff(self.unit, self:GetID());
				end
			</OnUpdate>
			<OnEnter>
				GameTooltip:SetOwner(self, "ANCHOR_BOTTOMRIGHT", 15, -25);
				GameTooltip:SetUnitDebuff(self.unit, self:GetID());
			</OnEnter>
			<OnLeave>
				GameTooltip:Hide();
			</OnLeave>
		</Scripts>
	</Frame>
	<Frame name="AededUITargetBuffFrameTemplate" virtual="true" enableMouse="true">
		<Size x="21" y="21"/>
		<Layers>
			<Layer level="BACKGROUND">
				<Texture name="$parentIcon" setAllPoints="true"/>
			</Layer>
			<Layer level="ARTWORK">
				<FontString name="$parentCount" inherits="AededUIGameFontCount" justifyH="RIGHT">
					<Anchors>
						<Anchor point="BOTTOMRIGHT" x="2" y="0"/>
					</Anchors>
				</FontString>
			</Layer>
		</Layers>
		<Frames>
			<Cooldown name="$parentCooldown" inherits="AededUICooldownTemplate" hideCountdownNumbers="true" reverse="true" drawEdge="true">
				<Anchors>
					<Anchor point="CENTER" x="0" y="-1"/>
				</Anchors>
			</Cooldown>
		</Frames>
		<Scripts>
			<OnUpdate>
				if ( GameTooltip:IsOwned(self) ) then
					GameTooltip:SetUnitBuff(self.unit, self:GetID());
				end
			</OnUpdate>
			<OnEnter>
				GameTooltip:SetOwner(self, "ANCHOR_BOTTOMRIGHT", 15, -25);
				GameTooltip:SetUnitBuff(self.unit, self:GetID());
			</OnEnter>
			<OnLeave>
				GameTooltip:Hide();
			</OnLeave>
		</Scripts>
	</Frame>
</Ui>
