<Ui xmlns="http://www.blizzard.com/wow/ui/" xmlns:xsi="http://www.w3.org/2001/XMLSchema-instance" xsi:schemaLocation="http://www.blizzard.com/wow/ui/
..\FrameXML\UI.xsd">

	<Button name="AededUIPartyMemberPetFrameTemplate" frameStrata="LOW" toplevel="true" inherits="SecureUnitButtonTemplate" enableMouse="0" virtual="true">
		<Size x="64" y="26"/>
		<HitRectInsets>
			<AbsInset left="3" right="33" top="3" bottom="3"/>
		</HitRectInsets>
		<Layers>
			<Layer level="ARTWORK">
				<Texture name="$parentPortrait">
					<Size x="18" y="18"/>
					<Anchors>
						<Anchor point="TOPLEFT" x="3" y="-3"/>
					</Anchors>
				</Texture>
			</Layer>
		</Layers>
		<Frames>
			<Frame name="$parentLoseControl" inherits="AededUILoseControlTemplateSmall" frameLevel="1">
				<Size x="15" y="15"/>
				<Anchors>
					<Anchor relativeTo="$parentPortrait" x="2" y="-2"/>
				</Anchors>
			</Frame>
			<Frame setAllPoints="true">
				<Frames>
					<Frame setAllPoints="true">
						<Layers>
							<Layer level="ARTWORK">
								<Texture name="$parentTexture" file="Interface\TargetingFrame\UI-SmallTargetingFrame-NoMana">
									<Size x="64" y="32"/>
									<Anchors>
										<Anchor point="TOPLEFT" x="0" y="-1"/>
									</Anchors>
								</Texture>
								<FontString name="$parentName" inherits="GameFontNormalSmall">
									<Anchors>
										<Anchor point="BOTTOMLEFT" x="25" y="21"/>
									</Anchors>
								</FontString>
							</Layer>
						</Layers>
					</Frame>
				</Frames>
			</Frame>
			<StatusBar name="$parentHealthBar" inherits="AededUITextStatusBar">
				<Size x="35" y="4"/>
				<Anchors>
					<Anchor point="TOPLEFT" x="23" y="-12"/>
				</Anchors>
				<Scripts>
					<OnValueChanged>
						AededUIUnitFrameHealthBar_OnValueChanged(self, value);
					</OnValueChanged>
				</Scripts>
				<BarTexture file="Interface\TargetingFrame\UI-StatusBar"/>
			</StatusBar>
			<Button name="$parentDebuff1" inherits="AededUIPartyPetDebuffFrameTemplate" id="1">
				<Anchors>
					<Anchor point="TOPLEFT" x="25" y="-19"/>
				</Anchors>
			</Button>
			<Button name="$parentDebuff2" inherits="AededUIPartyPetDebuffFrameTemplate" id="2">
				<Anchors>
					<Anchor point="LEFT" relativeTo="$parentDebuff1" relativePoint="RIGHT" x="2" y="0"/>
				</Anchors>
			</Button>
			<Button name="$parentDebuff3" inherits="AededUIPartyPetDebuffFrameTemplate" id="3">
				<Anchors>
					<Anchor point="LEFT" relativeTo="$parentDebuff2" relativePoint="RIGHT" x="2" y="0"/>
				</Anchors>
			</Button>
			<Button name="$parentDebuff4" inherits="AededUIPartyPetDebuffFrameTemplate" id="4">
				<Anchors>
					<Anchor point="LEFT" relativeTo="$parentDebuff3" relativePoint="RIGHT" x="2" y="0"/>
				</Anchors>
			</Button>
		</Frames>
		<Scripts>
			<OnLoad>
				local id = self:GetParent():GetID();
				local prefix = "AededUIPartyMemberFrame"..id.."PetFrame";
				local unit = "partypet"..id;
				AededUIUnitFrame_Initialize(self, unit,  _G[prefix.."Name"], _G[prefix.."Portrait"],
					   _G[prefix.."HealthBar"], nil, nil, nil, nil);
				AededUISetTextStatusBarTextZeroText(_G[prefix.."HealthBar"], DEAD);
				_G[prefix.."Name"]:Hide();
				SecureUnitButton_OnLoad(self, unit);
				RegisterUnitWatch(self, false)
			</OnLoad>
			<OnShow>
				AededUIUnitFrame_Update(self);
			</OnShow>
			<OnEvent>
				AededUIUnitFrame_OnEvent(self, event, ...);
			</OnEvent>
			<OnEnter>
				AededUIUnitFrame_OnEnter(self, motion);
			</OnEnter>
			<OnLeave>
				AededUIUnitFrame_OnLeave(self, motion);
			</OnLeave>
			<OnAttributeChanged>
				AededUIUnitFrame_OnAttributeChanged(self);
			</OnAttributeChanged>
		</Scripts>
	</Button>
	<Button name="AededUIPartyMemberFrameTemplate" frameStrata="LOW" toplevel="true" movable="true" hidden="true" inherits="SecureUnitButtonTemplate, SecureHandlerBaseTemplate" virtual="true">
		<Size x="128" y="53"/>
		<HitRectInsets>
			<AbsInset left="7" right="85" top="6" bottom="7"/>
		</HitRectInsets>
		<Layers>
			<Layer level="BACKGROUND">
				<Texture name="$parentPortrait">
					<Size x="37" y="37"/>
					<Anchors>
						<Anchor point="TOPLEFT" x="7" y="-6"/>
					</Anchors>
				</Texture>
				<Texture name="$parentBackground">
					<Size x="72" y="19"/>
					<Anchors>
						<Anchor point="TOPLEFT" x="44.5" y="-11"/>
					</Anchors>
					<Color r="0" g="0" b="0" a="0.5"/>
				</Texture>
			</Layer>
		</Layers>
		<Frames>
			<Frame name="$parentDropDown" inherits="UIDropDownMenuTemplate" id="1" hidden="true">
				<Size x="10" y="10"/>
				<Anchors>
					<Anchor point="TOP" x="-20" y="-10"/>
				</Anchors>
				<Scripts>
					<OnLoad>
						AededUIPartyFrameDropDown_OnLoad(self);
					</OnLoad>
				</Scripts>
			</Frame>
			<Frame name="$parentLoseControl" inherits="AededUILoseControlTemplate" frameLevel="1">
				<Size x="33" y="33"/>
				<Anchors>
					<Anchor relativeTo="$parentPortrait" x="2" y="-2"/>
				</Anchors>
			</Frame>
			<Frame name="$parentPvPTrinket" inherits="AededUIAbilityIconTemplate" enableMouse="false" hidden="false">
				<Anchors>
					<Anchor point="LEFT" relativeTo="$parentPortrait" x="-42.5" y="0"/>
				</Anchors>
			</Frame>
			<Frame name="$parentAbility1" inherits="AededUIAbilityIconTemplate" enableMouse="false" hidden="true">
				<Size x="19" y="19"/>
			</Frame>
			<Frame name="$parentAbility2" inherits="AededUIAbilityIconTemplate" enableMouse="false" hidden="true">
				<Size x="19" y="19"/>
			</Frame>
			<Frame name="$parentAbility3" inherits="AededUIAbilityIconTemplate" enableMouse="false" hidden="true">
				<Size x="19" y="19"/>
			</Frame>
			<Frame name="$parentAbility4" inherits="AededUIAbilityIconTemplate" enableMouse="false" hidden="true">
				<Size x="19" y="19"/>
			</Frame>
			<Frame name="$parentAbility5" inherits="AededUIAbilityIconTemplate" enableMouse="false" hidden="true">
				<Size x="19" y="19"/>
			</Frame>
			<Frame name="$parentAbility6" inherits="AededUIAbilityIconTemplate" enableMouse="false" hidden="true">
				<Size x="19" y="19"/>
			</Frame>
			<Frame name="$parentAbility7" inherits="AededUIAbilityIconTemplate" enableMouse="false" hidden="true">
				<Size x="19" y="19"/>
			</Frame>
			<Frame name="$parentAbility8" inherits="AededUIAbilityIconTemplate" enableMouse="false" hidden="true">
				<Size x="19" y="19"/>
			</Frame>
			<Frame name="$parentAbility9" inherits="AededUIAbilityIconTemplate" enableMouse="false" hidden="true">
				<Size x="19" y="19"/>
			</Frame>
			<Frame name="$parentAbility10" inherits="AededUIAbilityIconTemplate" enableMouse="false" hidden="true">
				<Size x="19" y="19"/>
			</Frame>
			<Frame name="$parentPoint1" enableMouse="false" hidden="true">
				<Size x="1" y="1"/>
				<Anchors>
					<Anchor point="LEFT" relativeTo="$parentPortrait" x="20" y="43"/>
				</Anchors>
			</Frame>
			<Frame name="$parentPoint2" enableMouse="false" hidden="true">
				<Size x="1" y="1"/>
				<Anchors>
					<Anchor point="LEFT" relativeTo="$parentPoint1" x="-20" y="0"/>
				</Anchors>
			</Frame>
			<Frame name="$parentPoint3" enableMouse="false" hidden="true">
				<Size x="1" y="1"/>
				<Anchors>
					<Anchor point="LEFT" relativeTo="$parentPoint2" x="-20" y="0"/>
				</Anchors>
			</Frame>
			<Frame name="$parentPoint4" enableMouse="false" hidden="true">
				<Size x="1" y="1"/>
				<Anchors>
					<Anchor point="LEFT" relativeTo="$parentPoint3" x="-20" y="0"/>
				</Anchors>
			</Frame>
			<Frame name="$parentPoint5" enableMouse="false" hidden="true">
				<Size x="1" y="1"/>
				<Anchors>
					<Anchor point="LEFT" relativeTo="$parentPoint4" x="-20" y="0"/>
				</Anchors>
			</Frame>
			<Frame name="$parentPoint6" enableMouse="false" hidden="true">
				<Size x="1" y="1"/>
				<Anchors>
					<Anchor point="LEFT" relativeTo="$parentPoint5" x="-20" y="0"/>
				</Anchors>
			</Frame>
			<Frame name="$parentPoint7" enableMouse="false" hidden="true">
				<Size x="1" y="1"/>
				<Anchors>
					<Anchor point="LEFT" relativeTo="$parentPoint6" x="-20" y="0"/>
				</Anchors>
			</Frame>
			<Frame name="$parentPoint8" enableMouse="false" hidden="true">
				<Size x="1" y="1"/>
				<Anchors>
					<Anchor point="LEFT" relativeTo="$parentPoint7" x="-20" y="0"/>
				</Anchors>
			</Frame>
			<Frame name="$parentPoint9" enableMouse="false" hidden="true">
				<Size x="1" y="1"/>
				<Anchors>
					<Anchor point="LEFT" relativeTo="$parentPoint8" x="-20" y="0"/>
				</Anchors>
			</Frame>
			<Frame name="$parentPoint10" enableMouse="false" hidden="true">
				<Size x="1" y="1"/>
				<Anchors>
					<Anchor point="LEFT" relativeTo="$parentPoint9" x="-20" y="0"/>
				</Anchors>
			</Frame>
			<Frame setAllPoints="true">
				<Frames>
					<Frame setAllPoints="true">
						<Layers>
							<Layer level="BORDER">
								<Texture name="$parentTexture" file="Interface\TargetingFrame\UI-PartyFrame">
									<Size x="128" y="64"/>
									<Anchors>
										<Anchor point="TOPLEFT" x="0" y="-2"/>
									</Anchors>
								</Texture>
								<Texture name="$parentVehicleTexture" file="Interface\Vehicles\UI-Vehicles-PartyFrame" hidden="true">
									<Size x="128" y="64"/>
									<Anchors>
										<Anchor point="TOPLEFT" x="-6" y="6"/>
									</Anchors>
								</Texture>
								<FontString name="$parentName" inherits="AededUIGameFontNameNormal" justifyH="LEFT">
									<Anchors>
										<Anchor point="BOTTOMLEFT" x="50" y="43"/>
									</Anchors>
								</FontString>
										<FontString name="$parentHealthBarText" inherits="AededUIGameFontNormalParty">
									<Anchors>
										<Anchor point="CENTER" x="20" y="10.5"/>
									</Anchors>
								</FontString>
								<FontString name="$parentHealthBarTextLeft" inherits="AededUIGameFontNormalParty">
									<Anchors>
										<Anchor point="LEFT" x="42" y="10.5"/>
									</Anchors>
								</FontString>
								<FontString name="$parentHealthBarTextRight" inherits="AededUIGameFontNormalParty">
									<Anchors>
										<Anchor point="RIGHT" x="-10" y="10.5"/>
									</Anchors>
								</FontString>
								<FontString name="$parentManaBarText" inherits="AededUIGameFontNormalParty">
									<Anchors>
										<Anchor point="CENTER" x="20" y="0.75"/>
									</Anchors>
								</FontString>
								<FontString name="$parentManaBarTextLeft" inherits="AededUIGameFontNormalParty">
									<Anchors>
										<Anchor point="LEFT" x="42" y="0.75"/>
									</Anchors>
								</FontString>
								<FontString name="$parentManaBarTextRight" inherits="AededUIGameFontNormalParty">
									<Anchors>
										<Anchor point="RIGHT" x="-10" y="0.75"/>
									</Anchors>
								</FontString>
							</Layer>
							<Layer level="ARTWORK">
								<Texture name="$parentStatus" file="Interface\Buttons\UI-Debuff-Overlays" hidden="true">
									<Size x="36" y="36"/>
									<Anchors>
										<Anchor point="CENTER" relativeTo="$parentPortrait" x="0" y="0"/>
									</Anchors>
									<TexCoords left="0" right="0.2734375" top="0" bottom="0.5625"/>
								</Texture>
							</Layer>
							<Layer level="OVERLAY">
								<Texture name="$parentLeaderIcon" file="Interface\GroupFrame\UI-Group-LeaderIcon" hidden="true">
									<Size x="13" y="13"/>
									<Anchors>
										<Anchor point="TOPLEFT"/>
									</Anchors>
								</Texture>
								<Texture name="$parentMasterIcon" file="Interface\GroupFrame\UI-Group-MasterLooter" hidden="true">
									<Size x="13" y="13"/>
									<Anchors>
										<Anchor point="TOPLEFT" x="32" y="0"/>
									</Anchors>
								</Texture>
								<Texture name="$parentGuideIcon" file="Interface\LFGFrame\UI-LFG-ICON-PORTRAITROLES" hidden="true">
									<Size x="16" y="16"/>
									<Anchors>
										<Anchor point="TOPLEFT"/>
									</Anchors>
									<TexCoords left="0" right="0.296875" top="0.015625" bottom="0.3125"/>
								</Texture>
								<Texture name="$parentDisconnect" file="Interface\CharacterFrame\Disconnect-Icon" hidden="true">
									<Size x="64" y="64"/>
									<Anchors>
										<Anchor point="LEFT" x="-7" y="-1"/>
									</Anchors>
								</Texture>
							</Layer>
						</Layers>
					</Frame>
				</Frames>
			</Frame>
			<StatusBar name="$parentHealthBar" inherits="AededUITextStatusBar">
				<Size x="70" y="8"/>
				<Anchors>
					<Anchor point="TOPLEFT" x="47" y="-12"/>
				</Anchors>
				<Scripts>
					<OnLoad>
						AededUITextStatusBar_Initialize(self);
						self.textLockable = 1;
						self.cvar = "statusText";
						self.cvarLabel = "STATUS_TEXT_PARTY";
					</OnLoad>
					<OnValueChanged>
						AededUIPartyMemberHealthCheck(self, value);
						AededUIUnitFrameHealthBar_OnValueChanged(self, value);
					</OnValueChanged>
				</Scripts>
				<BarTexture file="Interface\TargetingFrame\UI-StatusBar"/>
			</StatusBar>
			<StatusBar name="$parentManaBar" inherits="AededUITextStatusBar">
				<Size x="70" y="8"/>
				<Anchors>
					<Anchor point="TOPLEFT" x="47" y="-21"/>
				</Anchors>
				<Scripts>
					<OnLoad>
						AededUITextStatusBar_Initialize(self);
						self.textLockable = 1;
						self.cvar = "statusText";
						self.cvarLabel = "STATUS_TEXT_PARTY";
					</OnLoad>
				</Scripts>
				<BarTexture file="Interface\TargetingFrame\UI-StatusBar"/>
				<BarColor r="0" g="0" b="1.0"/>
			</StatusBar>
			<Frame name="$parentReadyCheck" inherits="ReadyCheckStatusTemplate" hidden="true">
				<Anchors>
					<Anchor point="CENTER" relativeTo="$parentPortrait" relativePoint="CENTER" x="0" y="0"/>
				</Anchors>
				<Scripts>
					<OnLoad>
						RaiseFrameLevelByTwo(self);
					</OnLoad>
				</Scripts>
			</Frame>
			<Frame name="$parentNotPresentIcon" parentKey="notPresentIcon" ignoreParentAlpha="true" hidden="true">
				<Size x="12" y="12"/>
				<Anchors>
					<Anchor point="LEFT" relativeTo="$parent" relativePoint="LEFT" x="0" y="-20"/>
				</Anchors>
				<Layers>
					<Layer level="ARTWORK">
						<Texture parentKey="texture" setAllPoints="true"/>
					</Layer>
					<Layer level="OVERLAY">
						<Texture parentKey="Border" file="Interface\Common\RingBorder" setAllPoints="true"/>
					</Layer>
				</Layers>
				<Scripts>
					<OnEnter>
						GameTooltip:SetOwner(self, "ANCHOR_RIGHT");
						GameTooltip:SetText(self.tooltip, nil, nil, nil, nil, true);
						GameTooltip:Show();
					</OnEnter>
					<OnLeave function="GameTooltip_Hide"/>
				</Scripts>
			</Frame>
		</Frames>
		<Scripts>
			<OnLoad>
				AededUIPartyMemberFrame_OnLoad(self);
				AededUIPartyFrame_CreateSpellbar(self, "GROUP_ROSTER_UPDATE");
				self:SetFrameLevel(2);
				RegisterUnitWatch(self, false);
			</OnLoad>
			<OnShow>
				AededUIPartyMemberFrame_UpdateNotPresentIcon(self);
			</OnShow>
			<OnEvent>
				AededUIPartyMemberFrame_OnEvent(self, event, ...);
			</OnEvent>
			<OnEnter>
				AededUIUnitFrame_OnEnter(self);
			</OnEnter>
			<OnLeave>
				AededUIUnitFrame_OnLeave(self);
			</OnLeave>
			<OnAttributeChanged>
				AededUIUnitFrame_OnAttributeChanged(self);
			</OnAttributeChanged>
		</Scripts>
	</Button>
</Ui>
