<Ui xmlns="http://www.blizzard.com/wow/ui/" xmlns:xsi="http://www.w3.org/2001/XMLSchema-instance" xsi:schemaLocation="http://www.blizzard.com/wow/ui/
..\FrameXML\UI.xsd">
	<Script file="AededUILoseControlAuras.lua"/>
	<Script file="AededUILoseControl.lua"/>
	<Frame name="AededUILoseControlTemplate" virtual="true" enableMouse="false" hidden="false">
		<Size x="32" y="32"/>
		<Layers>
			<Layer level="BORDER">
				<Texture name="$parentTexture" parentKey="Texture" setAllPoints="true">
					<Size x="64" y="64"/>
				</Texture>
				<MaskTexture parentKey="PortraitMask" file="Interface\CharacterFrame\TempPortraitAlphaMask" hWrapMode="CLAMPTOBLACKADDITIVE" vWrapMode="CLAMPTOBLACKADDITIVE">
					<Size x="64" y="64"/>
					<Anchors>
						<Anchor point="CENTER"/>
					</Anchors>
					<MaskedTextures>
						<MaskedTexture childKey="Texture"/>
					</MaskedTextures>
				</MaskTexture>
			</Layer>
		</Layers>
		<Frames>
			<Cooldown name="$parentCooldown" frameLevel="2" inherits="AededUIPortraitCooldownTemplate" hidden="true">
				<Anchors>
					<Anchor point="CENTER" x="0" y="-1"/>
				</Anchors>
			</Cooldown>
		</Frames>
	</Frame>
	<Frame name="AededUILoseControlTemplatePlayer" virtual="true" enableMouse="false" hidden="false">
		<Size x="32" y="32"/>
		<Layers>
			<Layer level="ARTWORK">
				<Texture name="$parentTexture" setAllPoints="true"/>
			</Layer>
		</Layers>
		<Frames>
			<Cooldown name="$parentCooldown" inherits="AededUICooldownTemplate" hideCountdownNumbers="true" reverse="true" drawEdge="false" hidden="true">
				<Anchors>
					<Anchor point="CENTER" x="0" y="-1"/>
				</Anchors>
			</Cooldown>
		</Frames>
	</Frame>
	<Frame name="AededUILoseControlTemplateSmall" virtual="true" enableMouse="false" hidden="false">
		<Size x="18" y="18"/>
		<Layers>
			<Layer level="BORDER">
				<Texture name="$parentTexture" parentKey="Texture" setAllPoints="true">
					<Size x="18" y="18"/>
				</Texture>
				<MaskTexture parentKey="PortraitMask" file="Interface\CharacterFrame\TempPortraitAlphaMask" hWrapMode="CLAMPTOBLACKADDITIVE" vWrapMode="CLAMPTOBLACKADDITIVE">
					<Size x="18" y="18"/>
					<Anchors>
						<Anchor point="CENTER"/>
					</Anchors>
					<MaskedTextures>
						<MaskedTexture childKey="Texture"/>
					</MaskedTextures>
				</MaskTexture>
			</Layer>
		</Layers>
		<Frames>
			<Cooldown name="$parentCooldown" frameLevel="2" inherits="AededUIPortraitCooldownTemplate" hidden="true">
				<Anchors>
					<Anchor point="CENTER" x="0" y="-1"/>
				</Anchors>
			</Cooldown>
		</Frames>
	</Frame>
		<Frame name="AededUILoseControlTemplateToT" virtual="true" enableMouse="false" hidden="false">
		<Size x="32" y="32"/>
		<Layers>
			<Layer level="BORDER">
				<Texture name="$parentTexture" parentKey="Texture" setAllPoints="true">
					<Size x="32" y="32"/>
				</Texture>
				<MaskTexture parentKey="PortraitMask" file="Interface\CharacterFrame\TempPortraitAlphaMask" hWrapMode="CLAMPTOBLACKADDITIVE" vWrapMode="CLAMPTOBLACKADDITIVE">
					<Size x="32" y="32"/>
					<Anchors>
						<Anchor point="CENTER"/>
					</Anchors>
					<MaskedTextures>
						<MaskedTexture childKey="Texture"/>
					</MaskedTextures>
				</MaskTexture>
			</Layer>
		</Layers>
		<Frames>
			<Cooldown name="$parentCooldown" frameLevel="2" inherits="AededUIPortraitCooldownTemplate" hidden="true">
				<Anchors>
					<Anchor point="CENTER" x="0" y="-1"/>
				</Anchors>
			</Cooldown>
		</Frames>
	</Frame>
	
</Ui>
