<Ui xmlns="http://www.blizzard.com/wow/ui/" xmlns:xsi="http://www.w3.org/2001/XMLSchema-instance" xsi:schemaLocation="http://www.blizzard.com/wow/ui/
..\..\FrameXML\UI.xsd">
	<Frame name="AededUIWidgetTemplateIconAndText" inherits="AededUIWidgetBaseTemplate" virtual="true" mixin="AededUIWidgetTemplateIconAndTextMixin">
		<Size x="45" y="24"/>
		<Layers>
			<Layer level="BACKGROUND">
				<Texture parentKey="Icon">
					<Size x="42" y="42"/>
					<Anchors>
						<Anchor point="TOPLEFT"/>
					</Anchors>
				</Texture>
				<FontString parentKey="Text" inherits="GameFontNormalSmall" justifyH="LEFT"/>
			</Layer>
		</Layers>
		<Frames>
			<Frame parentKey="DynamicIconButton" inherits="AededUIWidgetTemplateTooltipFrame">
				<Size x="32" y="32"/>
				<Anchors>
					<Anchor point="LEFT" relativeKey="$parent.Text" relativePoint="RIGHT" />
				</Anchors>
				<Layers>
					<Layer level="BACKGROUND">
						<Texture parentKey="Icon">
							<Size x="32" y="32"/>
							<Anchors>
								<Anchor point="CENTER"/>
							</Anchors>
						</Texture>
					</Layer>
				</Layers>
			</Frame>
			<Frame parentKey="Flash">
				<Size x="32" y="32"/>
				<Anchors>
					<Anchor point="CENTER" relativeKey="$parent.DynamicIconButton" />
				</Anchors>
				<Layers>
					<Layer level="BACKGROUND">
						<Texture parentKey="Texture" alphaMode="ADD">
							<Size x="32" y="32"/>
							<Anchors>
								<Anchor point="CENTER"/>
							</Anchors>
						</Texture>
					</Layer>
				</Layers>
			</Frame>
		</Frames>
	</Frame>
</Ui>
