<Ui xmlns="http://www.blizzard.com/wow/ui/" xmlns:xsi="http://www.w3.org/2001/XMLSchema-instance" xsi:schemaLocation="http://www.blizzard.com/wow/ui/
..\..\FrameXML\UI.xsd">
	<Frame name="AededUIWidgetTemplateBulletTextListLine" virtual="true" mixin="AededUIWidgetTemplateBulletTextListLineMixin">
		<Size x="237" y="32"/>
		<Layers>
			<Layer level="OVERLAY">
				<FontString parentKey="Bullet" mixin="AededUIWidgetBaseColoredTextMixin" inherits="NumberFont_Small" text="RANGE_INDICATOR">
					<Anchors>
						<Anchor point="TOPLEFT"/>
					</Anchors>
				</FontString>
				<FontString parentKey="Text" mixin="AededUIWidgetBaseColoredTextMixin" inherits="GameTooltipText">
					<Size x="227"/>
					<Anchors>
						<Anchor point="TOPLEFT" x="12"/>
					</Anchors>
				</FontString>
			</Layer>
		</Layers>
		</Frame>

	<Frame name="AededUIWidgetTemplateBulletTextList" inherits="AededUIWidgetBaseTemplate" virtual="true" mixin="AededUIWidgetTemplateBulletTextListMixin">
		<Size x="237" y="32"/>
	</Frame>
</Ui>