<Ui xmlns="http://www.blizzard.com/wow/ui/" xmlns:xsi="http://www.w3.org/2001/XMLSchema-instance" xsi:schemaLocation="http://www.blizzard.com/wow/ui/
..\..\FrameXML\UI.xsd">
	<Frame name="AededUIWidgetTemplateTooltipFrame" enableMouse="true" virtual="true" mixin="AededUIWidgetTemplateTooltipFrameMixin">
		<Scripts>
			<OnEnter method="OnEnter"/>
			<OnLeave method="OnLeave"/>
		</Scripts>
	</Frame>
	<Frame name="AededUIWidgetBaseTemplate" inherits="AededUIWidgetTemplateTooltipFrame" virtual="true" hidden="true" mixin="AededUIWidgetBaseTemplateMixin">
		<Scripts>
			<OnLoad method="OnLoad"/>
		</Scripts>
	</Frame>
	<Frame name="AededUIWidgetBaseResourceTemplate" inherits="AededUIWidgetTemplateTooltipFrame" mixin="AededUIWidgetBaseResourceTemplateMixin" virtual="true">
		<Layers>
			<Layer level="OVERLAY">
				<Texture parentKey="Icon">
					<Size x="26" y="26"/>
					<Anchors>
						<Anchor point="LEFT" />
					</Anchors>
				</Texture>
				<FontString parentKey="Text" inherits="GameFontNormal_NoShadow" justifyH="CENTER">
					<Size x="67"/>
					<Anchors>
						<Anchor point="LEFT" relativeKey="$parent.Icon" relativePoint="RIGHT" x="-2" />
					</Anchors>
				</FontString>
			</Layer>
		</Layers>
	</Frame>
	
	<Frame name="AededUIWidgetBaseCurrencyTemplate" inherits="AededUIWidgetTemplateTooltipFrame" mixin="AededUIWidgetBaseCurrencyTemplateMixin" virtual="true">
		<Layers>
			<Layer level="OVERLAY">
				<FontString parentKey="LeadingText" inherits="GameFontNormal_NoShadow" text="">
					<Anchors>
						<Anchor point="LEFT" />
					</Anchors>
				</FontString>
				<Texture parentKey="Icon">
					<Size x="16" y="16"/>
					<Anchors>
						<Anchor point="TOPLEFT" />
					</Anchors>
				</Texture>
				<FontString parentKey="Text" inherits="GameFontNormal_NoShadow">
					<Anchors>
						<Anchor point="LEFT" relativeKey="$parent.Icon" relativePoint="RIGHT" x="5" />
					</Anchors>
				</FontString>
			</Layer>
		</Layers>
	</Frame>
</Ui>
